title,description,published date,url,publisher.href,publisher.title,full_article,images,translated
Nepal's Trade Unions call to Tighten Corporate Tax Compliance and Wealth Tax on the Rich - Public Services International,Nepal's Trade Unions call to Tighten Corporate Tax Compliance and Wealth Tax on the Rich  Public Services International,2024-09-24 19:43:38,https://news.google.com/rss/articles/CBMi7AFBVV95cUxNeGJIUDh2ZUl6RHJWaHJ1YU9hcG1VOXdnUjBJcDFPeldXYkFLTkNaMlREd3JKNlZ0ZUVrY3dhMEYzczlKYmtMNEhwdmtENktlOEZIQ25lMkd0Q0xrYlFtcG04alFoTWR4X2FIdkVCenM4c3RjQVBLODlQTDNXRnp5SVJYOHlzcktGQ080d3dKcW5uMjVKU1VJa20zR0ZrVnpxQmFzM3BmNUJJbV9pSUN5b1pUT19GSnd1RVBDRkdLdThZSzM4WDRINjBoVW9uLW1nbHMwWjJscFFtNXFKQl9GNUZuT2RDYm1iQ1kydg?oc=5&hl=en-US&gl=US&ceid=US:en,https://publicservices.international,Public Services International,,{'https://lh3.googleusercontent.com/J6_coFbogxhRI9iM864NL_liGXvsQp2AupsKei7z0cNNfDvGUmWUy20nuUhkREQyrpY4bEeIBuc=s0-w300'},
Nepal must shift from personalist to programmatic politics - East Asia Forum,Nepal must shift from personalist to programmatic politics  East Asia Forum,2024-09-25 00:01:13,https://news.google.com/rss/articles/CBMinAFBVV95cUxNUS1JbkJzcjk1SHZLRVpfRmVVb25HWHdtUXlyQWpZY2FXMVpqT2dSeUVQWmRuQzgyOEJDelZERm1Bd3lYVHZZRGtZcGV6eU9raGZpWGQzZjZadVJlMHM1NDBqU3lfQzFwSHZ0eHhjX2p2blJ0b0FHSHluZThkZjJ0ZklzY0RkMG1wb3hiQVNDbzhDc1ZsclhXUWotbEU?oc=5&hl=en-US&gl=US&ceid=US:en,https://eastasiaforum.org,East Asia Forum,,{'https://lh3.googleusercontent.com/J6_coFbogxhRI9iM864NL_liGXvsQp2AupsKei7z0cNNfDvGUmWUy20nuUhkREQyrpY4bEeIBuc=s0-w300'},
‘Nepal needs green finance as climate change in the Himalayas is clear’ - The Kathmandu Post,‘Nepal needs green finance as climate change in the Himalayas is clear’  The Kathmandu Post,2024-09-25 01:12:45,https://news.google.com/rss/articles/CBMisgFBVV95cUxObHlsZ1hLQUItVXh1dFFxNHplX1hsRG92RmhyUmVNTEdCa0k2QTBvQjhVdVpRT2Vaa253RGJwVGJCMnp0Rk9FTzJrYUV3Q1A0ZkN0QnBkazZtbVhmR2lRNE95UmFaY045REIyQUx5UjI1aDR6Z2pzSzN6UDVkM1VUVlNoMV9wSEo3bFZ1UGZsOWZSNnRHSXVVSjNpTEM3RlJjWEJNWTNkSGRRTkd6dlRnZkFB?oc=5&hl=en-US&gl=US&ceid=US:en,https://kathmandupost.com,The Kathmandu Post,,{'https://lh3.googleusercontent.com/J6_coFbogxhRI9iM864NL_liGXvsQp2AupsKei7z0cNNfDvGUmWUy20nuUhkREQyrpY4bEeIBuc=s0-w300'},
US announces $21 million project to help Nepali farmers - The Kathmandu Post,US announces $21 million project to help Nepali farmers  The Kathmandu Post,2024-09-25 01:17:44,https://news.google.com/rss/articles/CBMingFBVV95cUxNOW1tcGdYYjA1YnVvel9jTGp4dEEwYWFQZVBpVVZUT0lHUHNUYnQ5UFRhTmplX2tYSFRGRlFTd29hSy1iaUl4eHMxeGVLNWVzX2pXWGRWNHVZU1BHY3hKM1NIdmE0RGw3TjA5eEgyTWh1Z1FYSFZGd3BiTmFJYmZmVnpyUkdteU1TM3BlMXVJWmFYSnR3VGdSWUMyaWN3QQ?oc=5&hl=en-US&gl=US&ceid=US:en,https://kathmandupost.com,The Kathmandu Post,,{'https://lh3.googleusercontent.com/J6_coFbogxhRI9iM864NL_liGXvsQp2AupsKei7z0cNNfDvGUmWUy20nuUhkREQyrpY4bEeIBuc=s0-w300'},
Prime Minister K.P. Sharma Oli of Nepal speaks at World Leaders Forum - CU Columbia Spectator,Prime Minister K.P. Sharma Oli of Nepal speaks at World Leaders Forum  CU Columbia Spectator,2024-09-25 01:55:57,https://news.google.com/rss/articles/CBMiugFBVV95cUxQUEJLZEdPQkZmeWxYVlY4NXV6Rm5TSFc2SGxDM1JrM3lQVERDQ1VPVHVvN3M3Yy1KSHFMRVFIbEVnVEdnOFhwVGtWWk5NQ3I1Tkw4NnZ0VFZ6bnBjUkZJOU9pc3c5TUQ1b05oc0tIblc0T1ZYRXl0NngwRXM1V29EaFNTOElhaV9NbVNOYkdaSm45NE5XSl9keTQwTVh2ZFE3aFB3eEROQXBrZlluSmxEUUZLQVpOX2dESEE?oc=5&hl=en-US&gl=US&ceid=US:en,https://www.columbiaspectator.com,CU Columbia Spectator,,{'https://lh3.googleusercontent.com/J6_coFbogxhRI9iM864NL_liGXvsQp2AupsKei7z0cNNfDvGUmWUy20nuUhkREQyrpY4bEeIBuc=s0-w300'},
How Are Independent Candidates Posing a Threat to Political Parties in Nepal? - Myrepublica,How Are Independent Candidates Posing a Threat to Political Parties in Nepal?  Myrepublica,2024-09-25 02:51:26,https://news.google.com/rss/articles/CBMivgFBVV95cUxPZkpSUW1xMmFRdmYxRWgtWlJ6YlFEOW5XWXNGRzBIOUxac2xnUWRMOGdEUW1MSTFMeGJFRUkwTXRncW81eTFCVC1ubFd3X1hkM3JFVVRRQWptSEFvZEF2TENBUGY0Y2ctWTZEOXNDQ1JHNWp0MnhjYUFXN2tVSk5jTjJsajRGcGpkdmpGVWhGRU1ySnhPYWNxOHRUbUptUGdZZXhvNEE3N2I4cjhZSHMxejBDekFxTFh0a1k1ZTFn0gG7AUFVX3lxTE5wdWt2cXN4aFpyYlhxRnhSeExMYTZQSWM0VWlPLXI4TEsxOTM3R1ZvSWpqckxpMGhlSUx1OXFfQTE0MktVSnI4VllERTRMNUtYd3V1RU5rb2dLbjVJb0JKUHRfX1ZwLVBHVkEyaWc0dll1Z2U5RHVnbGtDUFo0a2NfUS1VUGI5cmhKbDZ2bjhmLS1UVnZOYXhHblJCenc0VUxBUHBwalhvSlpaa3NKLXh6Y2FtWmhiWkhoYnM?oc=5&hl=en-US&gl=US&ceid=US:en,https://myrepublica.nagariknetwork.com,Myrepublica,,{'https://lh3.googleusercontent.com/J6_coFbogxhRI9iM864NL_liGXvsQp2AupsKei7z0cNNfDvGUmWUy20nuUhkREQyrpY4bEeIBuc=s0-w300'},
"Activists hailed a ""monumental step"" as Thailand becomes only the third place in Asia where same-sex couples can tie the knot, after Taiwan and Nepal - Islander News.com","Activists hailed a ""monumental step"" as Thailand becomes only the third place in Asia where same-sex couples can tie the knot, after Taiwan and Nepal  Islander News.com",2024-09-25 04:02:36,https://news.google.com/rss/articles/CBMijAJBVV95cUxOdktucGRwUnY4R2h0NldhWTBoeklfa0FrM2hzbmxiY1VsSThCaVhQMTZ5YXM3bFVZbjV3ZHZWTjJoVVJvMkY4OGhBTS1LbDgwZ3NLVWl2R0ZvQ3VOTUJWNVNKVEdyQU1GLVRfeXFXX2g1NS1wVEJOMHhEaktldFBfMTRWOEctZm5fZV9NcDhKSTdicm52VVcwajB2WGZvWUliUVkwZ19XSlBZeUZ3cVJ1OHVKdXk0SHIzVmd6VUpYNE8zeThYeWplYlB2YS1hd2NnOUxuSXZKWDFoRUlyb0g1M29LMzFBaExKVGc3UjQzemY3TTNaYVJiMUdqQmh6WE1ocnRnUUF5S2JERDdI?oc=5&hl=en-US&gl=US&ceid=US:en,https://www.islandernews.com,Islander News.com,,{'https://lh3.googleusercontent.com/J6_coFbogxhRI9iM864NL_liGXvsQp2AupsKei7z0cNNfDvGUmWUy20nuUhkREQyrpY4bEeIBuc=s0-w300'},
IMF suggests govt for continuous vigilance of Nepali banks while they struggle with elevated non-performing loans - Myrepublica,IMF suggests govt for continuous vigilance of Nepali banks while they struggle with elevated non-performing loans  Myrepublica,2024-09-25 04:41:20,https://news.google.com/rss/articles/CBMi7wFBVV95cUxNN1hGYmd5SlNsTG5xQkpqYVNWRFliSzdDRTUxMjRxa0dSVV96SUMydU5rbnFhU0FSdkl4UE9DQjFLUGM0QXNOWkJ1Q1BvZVdLeE5Hb24yOHFQbk95X0YyUXEzei1ZM21aTnFBcHN1WVFkVUR0d1VUaG80dVRMVHpqcFR6UTl1dW9xQnk0RzlUV2g2U0dIQzF2QnVja1NSSDFKeldnMkVxT1laRURyZG5rdHMxSXVqejhweDlQcjVOX0Z0UXpoalpteGU1ME04WDljNHE1cGhoZXl1M2ZHeEk2NUMxRy0wRHhsX1E3VDhfd9IB7AFBVV95cUxQMlNQbDhrU0owclhncEc2d2UwXzJFWkhXSFVuUTFxVmx5WlhWRlBiWlA4clFUUVpUbUFWNlJhOVN3ZXlZWWtNa1JYYXc4NHFYNU95cW9MV1FlT2FzVDNINTU5MjdwamdqbDV5YU82LXdnT0x0dUNjY1BoVHM4SE5xcUdTdEVtdGtxNy1najIyTktBMHJFbVZDdEw5RzBQY19obk1aU0cyeXpsdmZ4OGZ5bm5PeGc2T1I0ZUNweFBLRFlxdWZXT2R4VU9pYVhoajlHWkk1aF93OHlMTHB1X1pPWGp5MVVQN2VZclpxMQ?oc=5&hl=en-US&gl=US&ceid=US:en,https://myrepublica.nagariknetwork.com,Myrepublica,,{'https://lh3.googleusercontent.com/J6_coFbogxhRI9iM864NL_liGXvsQp2AupsKei7z0cNNfDvGUmWUy20nuUhkREQyrpY4bEeIBuc=s0-w300'},
Why did Nepal's crown prince murder his family? The Mail's Robert Hardman explores in new podcast the 2001 ma - Daily Mail,Why did Nepal's crown prince murder his family? The Mail's Robert Hardman explores in new podcast the 2001 ma  Daily Mail,2024-09-25 06:39:30,https://news.google.com/rss/articles/CBMirgFBVV95cUxPSFluZFRDSWtFRjJENlpOZUpIb3lwYnNYRVlPNk1VUklEc3VNRWZzeHh5WF9sYzE0R0Mxb3ZHOGdXWHR4TmFmNDJGUm1oVmZBekFJelljbW5qcjliTjVOTjlqQTlWLVdKZ3E3cVZQTWhxNl9Wc2JFWThuMkxWYTNvbl9OMmJ4bEFOZHdwY09qNVE3SkotOE9Nc3pPQ3YwSXpaX3pGTEQ0QVF1cS0yYUHSAbMBQVVfeXFMTVJnTkpkbEliZDI4M2lyNmdFTmxqUDN4U2NUWDlzVGl6NjlZVDByakNsR2pkTlVwSUlRRjhEOU9hblpWSC1IM29OTzcteERNcVlKcVdQTGotOHVTd21nUDBCcTNWcldyTVNGbDBlakFnQnJqOUd5UkxlU3hTRjB4VHQ2cW1hdVJicm8yRF95T0I3cjY2c1BVclNNLUQtMHY3WGJnV2NYS3gtR25hWFVRMDlhN1U?oc=5&hl=en-US&gl=US&ceid=US:en,https://www.dailymail.co.uk,Daily Mail,,{'https://lh3.googleusercontent.com/J6_coFbogxhRI9iM864NL_liGXvsQp2AupsKei7z0cNNfDvGUmWUy20nuUhkREQyrpY4bEeIBuc=s0-w300'},
"Nepal has many religious, cultural customs to be proud of: NC president Deuba - The Himalayan Times","Nepal has many religious, cultural customs to be proud of: NC president Deuba  The Himalayan Times",2024-09-25 07:03:13,https://news.google.com/rss/articles/CBMisAFBVV95cUxQcnpNX0ZCS0FyRXlZSGdIMl80NTVSbS1XT2c0elVXNFJFQ3IyNS1OdnZ3amxHUkVjRmdjTkc2cmVOU3hjdmxCQUQ5d1J5V0h1dVJXTXo5RUtFUjZjVVBVZS1iNnFTell2UXJacnVDb0ViX21DUjVLN1g4Rm5hdGdCMkM3UG84akVDcloyR0ZDc0RHUE9DUmhEbjBIZGg0VnF1dTBBVWZZUkFQOVQ3dUk2bdIBXEFVX3lxTE5GWXp4N3EyY0dROVdPeFliYkVpaXQ0T0R1QjRka0J4VFIwcHkyVDhac0l1d3BvTVI2LUduQ3lBZVRLeUlqMG1IUHpUdXBtRW01czBOZXJFX1JTRzFL?oc=5&hl=en-US&gl=US&ceid=US:en,https://thehimalayantimes.com,The Himalayan Times,,{'https://lh3.googleusercontent.com/J6_coFbogxhRI9iM864NL_liGXvsQp2AupsKei7z0cNNfDvGUmWUy20nuUhkREQyrpY4bEeIBuc=s0-w300'},
Nepal to organise Yoga Retreat to promote spiritual tourism in shadow of the Himalayas - Hindustan Times,Nepal to organise Yoga Retreat to promote spiritual tourism in shadow of the Himalayas  Hindustan Times,2024-09-25 07:51:16,https://news.google.com/rss/articles/CBMi6wFBVV95cUxQTGxOM0Z1VS14dkJNZjBrQmg4aTYwd25FZE8tcTdCOXJDeDRmZlJiWnh3TkxILWZYWGVSby1LTW82X1M1eVc4MF9lZXZkeU5BVVRzLVVLVVFZQ0JIbWMxM1VueHFVaXZXUFRpdjVTTXJNNVdzdTVOc2g1dG5aM3MzM1EwbHB5aGxTWlktME1FRFBieFRZaWpnRlJ1d0RBQ21jd01HQmJQc3U2dk1KWXREdzRZTTg5STRQUldzU0lZX1ZNUGxRTWhYRTB4czhjcHBEZWdkdXBFYm5BcVdKZ2l0WktSc2hjVF9xNlFJ0gHwAUFVX3lxTE9Mcy1lWmtvR2JwM0w3Z0VJSUw0UkIzbXJwSGpTNXJ6X2l3ZnFVODhrWXRkUFRIalA4bk5rTEpHY1c4TmhBdWVsVTlxeExmdHpxUXY5b0IzLWp4N0JUYVpacldTeE4yTWpnaXprOTRfb2duNzdTbXJEa2VtcU1iR3NkaFczdk5jdm80LTVKSkhiUHhualVxQ2c0V0JuaVRfXzBMbUd5azJmYndvV2Q2Nk9hSXJDQzdJT1JTQ3AxUUQ4ZzVhU3FDU2xtUDV4QkpQVjhETjBic3lNNEtLenJPbVdJTkxpSEMzOGhGN1g2OUxvTw?oc=5&hl=en-US&gl=US&ceid=US:en,https://www.hindustantimes.com,Hindustan Times,,{'https://lh3.googleusercontent.com/J6_coFbogxhRI9iM864NL_liGXvsQp2AupsKei7z0cNNfDvGUmWUy20nuUhkREQyrpY4bEeIBuc=s0-w300'},
Nepal's economy to grow by 4.9 percent in 2025: ADB - Myrepublica,Nepal's economy to grow by 4.9 percent in 2025: ADB  Myrepublica,2024-09-25 10:11:47,https://news.google.com/rss/articles/CBMinwFBVV95cUxPLWVSbEd0ODZSc1F2TDdEd3NQM3F1TE5wVEJ4R0hfVW5FY3l4MENSX2NnN1hkakhLSEU2cHhqajVyVFphLXhqWk9XYWsxbWlRam9pVjB6MzZhZ3BRd2FlcWVlODFRWXk1by1xc2V6MW9nUGJSWDBQWURYcDJCYUhoMkNTMFlteVFRYkRTRzE3V0lBel9HaXo5SHpHU25rZm_SAZwBQVVfeXFMUEx6cFpOaTlSSzJ2U3VuUkNqbl9xTncyR3BpSWF6N3Z6d0ZiWVBKZjVtQlFyeHcwSjJvWjRGN2xnREE0MlczQ2E5ak15YnNlcjZHb1BNZ0xHTjdYMW12czdmLTI5NHZDSEtqRjNuZ0k2ekt6Z1U1X2Rpc2lkZkFiOWc2NVZyWDdBV01ZWVdTWHZRVUFXNTl0YXl0dzJn?oc=5&hl=en-US&gl=US&ceid=US:en,https://myrepublica.nagariknetwork.com,Myrepublica,,{'https://lh3.googleusercontent.com/J6_coFbogxhRI9iM864NL_liGXvsQp2AupsKei7z0cNNfDvGUmWUy20nuUhkREQyrpY4bEeIBuc=s0-w300'},
MoU signed to boost sustainable hydropower development in Nepal - International Water Power and Dam Construction,MoU signed to boost sustainable hydropower development in Nepal  International Water Power and Dam Construction,2024-09-25 10:25:21,https://news.google.com/rss/articles/CBMipwFBVV95cUxPZ0JLRVhobzJMVlVuNTdnUlhIQ2JUYlA2OEllNTBnOTNzX0VHNWNPMXBpWUpReFF2S2pkb05iNVdqaHdISVljNm5qUjk5Y21vaHcxWDlqeElKWWV1WE1lX0JEOGp3MnZFejRrMmJmT2NQMVhxa0NDeFNXR3duUHBma3M1Qk5SVFpnS0MyaGhkcUJIR2c3WExhQjlzc09JcjFHVkpjcVFvYw?oc=5&hl=en-US&gl=US&ceid=US:en,https://www.waterpowermagazine.com,International Water Power and Dam Construction,,{'https://lh3.googleusercontent.com/J6_coFbogxhRI9iM864NL_liGXvsQp2AupsKei7z0cNNfDvGUmWUy20nuUhkREQyrpY4bEeIBuc=s0-w300'},
How China Soured on Nepal - The Diplomat,How China Soured on Nepal  The Diplomat,2024-09-25 11:14:52,https://news.google.com/rss/articles/CBMiakFVX3lxTE9FS2RVNDQ0emhRV0Y0d0t0VlpkTDFGaUttamZvZWh2TmlQTm5GazZJZDBsMm5nWkF5VGlfS2JJZTZvbWFwUUI2ZEJ6dDgwczctWmpEaGlPUjVzUG81S3hJNTJEaWN5eGRZZmc?oc=5&hl=en-US&gl=US&ceid=US:en,https://thediplomat.com,The Diplomat,,{'https://lh3.googleusercontent.com/J6_coFbogxhRI9iM864NL_liGXvsQp2AupsKei7z0cNNfDvGUmWUy20nuUhkREQyrpY4bEeIBuc=s0-w300'},
A celebration of Indo-Nepal ties with Sita Swayamvar - TOI Etimes,A celebration of Indo-Nepal ties with Sita Swayamvar  TOI Etimes,2024-09-25 12:02:00,https://news.google.com/rss/articles/CBMi2AFBVV95cUxPTlg1ZlZiTjFWZlB1Rjc1ZkZuRkVKQWlFVGpWa1hsUDI4bkZ1N0I2RXM4WWZuellJTDZhVUtXS0hwODRiSHkwMmllVHc0NWNCZk84cDdVNG1FOEhTQkFUSFYtUm51R0cxd2YyT2xCUnJJZVU1REF0SGQtWFV0X09aeE1xM2VLcWFrem12ZnEyWmNtckVXSloxZmNpSi1tNUZ0S3BmYTBBUGlOZENYTzBfazBLN2FfZU5ZWGFmbHgzZkFzd0VhM1Q3dkVieHJPSXNSZmtXYWp2bzTSAd4BQVVfeXFMTkV4bFhwS0tGM1RhTC1KWXlHYy02T1lsRGNicEE0c21iWjFSU3poS1F2ZlBpN0NhSF8yVkoyd3k0eHVXZl9ub002M1JsVENWeWs5WUNoTXZQdXdpandCN0o5VHZSMzRFS0pRZ21qZUppOHZQXzFWMkNPdEVhb1NXZ2NVN3k1TURGX0VSU2RRV3J4Qkt0OGJaNWxlVWFob3l4RWZ0VHNpUVRnajZNNHhGa3lWQTRSQTNaLW9WUkQ3LU40T21Bc3ZveF9RMWgtNXFhVFZ3eFlSZkF1QTJ6VDZn?oc=5&hl=en-US&gl=US&ceid=US:en,https://timesofindia.indiatimes.com,TOI Etimes,,{'https://lh3.googleusercontent.com/J6_coFbogxhRI9iM864NL_liGXvsQp2AupsKei7z0cNNfDvGUmWUy20nuUhkREQyrpY4bEeIBuc=s0-w300'},
‘Some Nepalis’ misbehavior’ towards PM Oli in US criticized - Myrepublica,‘Some Nepalis’ misbehavior’ towards PM Oli in US criticized  Myrepublica,2024-09-25 12:11:15,https://news.google.com/rss/articles/CBMiowFBVV95cUxQZGVNUkd2ZVNSWUc2bjZGcUpCYkFMX0Z4Q0dfWVBobTFwVm9uQkhzT3VuUHFRSTducC1RVFZodTFNektwZ0JGQ0JUYVB2V0pRVGJNX3ZodFR1LVBoY1NWUEhMeTZzZmJ3UExWOUlHalVsa1hUTWJ5aXJvUXhBcUVUMUtabGNzd3VjaGRIbVpOUjY5aVMzd0h4czNDTkhYRDRvM1I40gGgAUFVX3lxTE5adzRPaTFqeVBWMk9mZUdFQ0tLeHNvV3hCaERHaVZ1Vl9kV1dUdUVHOTE2Y0gzcGJlTkZjV043dFdHV0liNlFHSzJXbDFMQmNhZ3lVTXM3Z1poSVdiN1QtemZIWFdoeFpvNUdCUnhfS1VYV3M3aV8xTm1adVZrZktsYURsVGJtT3l1UkhZd3haVjdLTDFSWjRCd0sxQXFIUjg?oc=5&hl=en-US&gl=US&ceid=US:en,https://myrepublica.nagariknetwork.com,Myrepublica,,{'https://lh3.googleusercontent.com/J6_coFbogxhRI9iM864NL_liGXvsQp2AupsKei7z0cNNfDvGUmWUy20nuUhkREQyrpY4bEeIBuc=s0-w300'},
New bar and grill in Worcester will offer Indian and Nepali cuisine - MassLive.com,New bar and grill in Worcester will offer Indian and Nepali cuisine  MassLive.com,2024-09-25 15:38:00,https://news.google.com/rss/articles/CBMitgFBVV95cUxNWjdfTjAtYzhHVkYxLUJBbFpTY3Y3NUYyZXBxd0dkelNlY1dXSzB3ZGR2eWw4aHN6U1hBYkpsTmhkM2xpcHNCMkh4Zm1BblFpdlE3c3lTam5UaFFkM0FCV1N1alFnakdEdGJmN3Ryd1ZucW9ETGx1VVY4TnI0cUgwaC1tV00yckwtTGVlYnNmaVJLUlhOMXQ2YlpkN0hqRjFLMEEyWENfVzU1RHRRdFVpeVhGYTVHZ9IBygFBVV95cUxQSEdaZDZwa0lhQ0I3bHZDcnRHLWdrSXc3V1k4SzYwWWoyVHRfUkNoSVlPc1V3RTVPOEZhc2hwVXdXWFVLNTZjT3hZb1NDcnJsT1NvN0NYVUNxUkViQWlPVVdqaWF6Rl9Kd0tLZUNTZU05MWowOXd2MHc2ZnYyM1RfUkNvdG5yOTdHd2JJRUxxNDdMS2FuMUpLT1MwaXU5ZHcxRTNBQWV2Rm9WSTRaSnphNHE4M1lPampxMFhycTZ5dVUxcnJBTnUwa1Rn?oc=5&hl=en-US&gl=US&ceid=US:en,https://www.masslive.com,MassLive.com,,{'https://lh3.googleusercontent.com/J6_coFbogxhRI9iM864NL_liGXvsQp2AupsKei7z0cNNfDvGUmWUy20nuUhkREQyrpY4bEeIBuc=s0-w300'},
NC President Deuba: Nepal proud of its rich religious and cultural heritage - The Himalayan Times,NC President Deuba: Nepal proud of its rich religious and cultural heritage  The Himalayan Times,2024-09-25 16:03:16,https://news.google.com/rss/articles/CBMirwFBVV95cUxQa2pOa1hqZC1MdTFTZFVQYnFPWVdpaUpuQmdNcnpQN05KRTN5Rlg0N2dCZ1ZCUmxQZXhRaVlkZUt1UC1QVzA1RXQ5OUltOU5scVZrVVcxbGdRdk81M1hzN1pSaFRMSkQ3b244XzlxaEFiNWE1VU9rNUprLUl5bTB5ZFZqVXlLZGgwSko5VDVjR2JIWXNmQk9sTFZFeGsxMTFEOUpuNlF2OEpPWGpRWU5J0gFcQVVfeXFMTkt6S0t5TVZZc085SnNYb21mY1lMZHVsYjByWVowUlRVc3VkZ1RZWTVpZ2t0RUVUN1dhMW5FQTY2bGttN0VmdUI1UTUtMWdIbTJmTGpHWnQyT29FaEM?oc=5&hl=en-US&gl=US&ceid=US:en,https://thehimalayantimes.com,The Himalayan Times,,{'https://lh3.googleusercontent.com/J6_coFbogxhRI9iM864NL_liGXvsQp2AupsKei7z0cNNfDvGUmWUy20nuUhkREQyrpY4bEeIBuc=s0-w300'},
Nepal’s end Canada tour winless after rain halts Oman clash - The Kathmandu Post,Nepal’s end Canada tour winless after rain halts Oman clash  The Kathmandu Post,2024-09-25 16:18:36,https://news.google.com/rss/articles/CBMipgFBVV95cUxObGhVOHRjNGd3MnRrdTgycXBZUEk1WWhqMkFfQWlaaU45VDA5dE9iQ29uWll6QzFlZG53UkVibmR4XzdrLTBtWEhsUHVTY1J4ZHUtTF9oM09JLVI3Nnk2UmdiQmxHeUZDM0dYN3lhc05yQk9KZlgzZnN3UzFVQS1tVHpTMnpxb01BTkhZUFNKVlNOaFA0bjZJRmNiWkhpZEQ1STU5UGxB?oc=5&hl=en-US&gl=US&ceid=US:en,https://kathmandupost.com,The Kathmandu Post,,{'https://lh3.googleusercontent.com/J6_coFbogxhRI9iM864NL_liGXvsQp2AupsKei7z0cNNfDvGUmWUy20nuUhkREQyrpY4bEeIBuc=s0-w300'},
Pokhara Set To Host An Empowering Yoga Retreat As Nepal Gears Up To Take The Global Stage In Spiritual Tourism - Travel And Tour World,Pokhara Set To Host An Empowering Yoga Retreat As Nepal Gears Up To Take The Global Stage In Spiritual Tourism  Travel And Tour World ,2024-09-25 16:51:34,https://news.google.com/rss/articles/CBMi8AFBVV95cUxQR2tGVVY2dEVVcXNMRDFyeG9YTHgwY2ZPdlZxdDR1Sy04eU1GRVFkYWFON3BWai1yYVBXSkcyUFVRR3M4cjh6OHQ0eDZneXRIRWJicGJBS3Nnb29NdTgyUW80SUJ0MHJMRXVfV0Z5T2FGY3RDay1FeW8zY1pUTGx6bVY2Y3dpQjFzY2EyWEpsY2h2dV9wNjNZVlZhWGd3cTU0dzNBa0ZXbklRaXFLU0hsMVNpWVNlcGtRWm04VG5SR1JoR1VSMHNtTzhwc0RPUktwVzB6Nk9wZkliWkZ6MGJ3RllDbU5pelROWkRWa0ppVFQ?oc=5&hl=en-US&gl=US&ceid=US:en,https://www.travelandtourworld.com,Travel And Tour World,,{'https://lh3.googleusercontent.com/J6_coFbogxhRI9iM864NL_liGXvsQp2AupsKei7z0cNNfDvGUmWUy20nuUhkREQyrpY4bEeIBuc=s0-w300'},
